{"time": "1:12:13.108559", "C3STHKBDL7_ddkbbsrcse": -608.3369096947138, "577ITSRNM8_2axdcaxjxb": -608.3314883948883, "1-random-15_s8j8t3s78q": -608.3294618094911, "SH3I6M61HG_b49ouy44pu": -608.3279834213096, "1-random-15_0b3azty8qg": -608.3279102284197, "1-random-15_z1fk68wxc0": -608.3260385565251, "UD598Q9UHK_z2qotbhui3": -608.3260132710253, "XAPMJZLEOX_32a46d4d5k": -608.3241124523743}