{"time": "0:43:52.586221", "RQTPCVAOKO_pnmqqpvkva": -307.79866077605766, "2RP4H9GT5J_25r1gtw947": -307.7986571606454, "1-random-6_ikenpvdtrp": -307.7960213870917, "GSG3U90D9P_yjwrcw8mlg": -307.7959924813899, "1-random-6_eika5lqyg5": -307.79585953424464, "1-random-6_3ta5dx8eem": -307.7956171050691, "1-random-6_98zb6cluf0": -307.7956096322742}