{"time": "1:01:51.238610", "8ZS4NAXK06_lirpsaiujk": -684.0446944169265, "CBAFBXWQHT_1qwrggy9qn": -684.0442658407717, "CBAFBXWQHT_32rdaw68ut": -684.0434850677865}