{"time": "2:45:45.792171", "C64BZX0X8D_crpiiaqmrq": -948.0119911939265, "H5YI3LRJHV_fdwwdywknu": -948.0095011181846, "1-random-23_xri1v0fuhm": -948.0070041590587, "P4AZ2QOHCE_aoyqcgrkxy": -948.006492752995, "QI5KWHEEA4_4dv0o0zj2d": -948.0057603544476, "RYVJ44NH5S_13xbh5bcq1": -948.0040184729229, "5KCE9LQQ6Z_54sfkam58r": -948.0028200681936, "RYVJ44NH5S_c852tsn8zw": -948.0028052669193, "5CU5EOP7PR_cl3tk0jxnd": -948.0025933141817, "N655SI6M29_kwlxlmwqge": -948.0024868994617, "1-random-12_lsotyhtfzq": -948.0025347892864, "1-random-12_bqmbkmuhhy": -948.0016555583557, "H5YI3LRJHV_xe6yez59t2": -948.0009518864262, "XRBRY1O2SK_s3nzeeamjg": -948.0011046381823, "1-random-12_gawitwjwae": -947.9999309391488, "OMU67HYP7G_vzyglfrexz": -948.000119172912, "T8ABW4IXOV_yozluhxahl": -947.9991867009163, "29F0PXEG2K_uyi16fb7sl": -947.9993117550202, "OMU67HYP7G_2lo7onrwy6": -947.9987985665163, "29F0PXEG2K_09qdc6t45t": -947.9985523000253, "XRBRY1O2SK_8z670fkhg3": -947.9985197789605, "5KCE9LQQ6Z_de168wlss9": -947.9978419358642, "5KCE9LQQ6Z_qtswj22iwm": -947.9975531887054, "JID7MWRQKG_gn1jluvmuu": -947.9976873710148, "YX4ZR4NTS2_2bzrcti0q2": -947.9975811261794, "JID7MWRQKG_olozfxirgk": -947.997564566108, "1U0JH9K0CB_rktlbciovd": -947.9969838952978, "K8DHVX9YGQ_cmxycofvxq": -947.9964589181499, "MCPP8KOT0T_zgqkwprdrn": -947.9963627077807}