{"time": "2:28:44.680751", "4QSK6U7ZEU_ghuvcqshdh": -775.974119342733, "40YO9VK8EQ_ikrfabyqqd": -775.9727335678613, "1-random-9_tuhkwyybkl": -775.972480579701, "GF7ZXBVCFJ_obzmmdkgwo": -775.9698833068085, "FCV01WAAEP_xyephfbtxu": -775.9678571740156, "1-random-9_cmcckgtmbe": -775.9669282279057, "G8DJZI7VJF_7ynfnwxnlo": -775.9668715071765, "45VCSKLVCZ_gp2cbyywtl": -775.9665342009644, "910OPJ1UKE_ejhz3dy9q7": -775.9665209464857, "1-random-9_qkmlvlzmot": -775.9659788286666, "910OPJ1UKE_mjn7gz1ne9": -775.9658041054397, "G8DJZI7VJF_zkclbkjbtu": -775.9654612932601, "1-random-18_qgszaudbgp": -775.964423968147, "S1FTFIIJ54_nroopmasgd": -775.9645093627291, "8O11PLZRYY_8gnznt7i6p": -775.9640570975249, "1-random-9_ingchrxxz8": -775.9635894086647, "1-random-30_ebecvpkwvi": -775.9630406969725, "1-random-9_pdsoy498ez": -775.9629506808697, "B7SDN9GPRP_pk5y4kjhtt": -775.9628965457717, "G8DJZI7VJF_673wg2a2qt": -775.9627645559614, "U226YCDGS1_w40z4ipqd5": -775.9625702494576, "FCV01WAAEP_jgunplaxht": -775.9624271866401, "MQOQEW3CWQ_6brqsiiqoq": -775.9624475435375, "U226YCDGS1_zc1myhwpvl": -775.9622027575949, "G8DJZI7VJF_zgvslsdqry": -775.9619984258096, "CQIYHNJ9K4_gz8eaqeor4": -775.9618813687255, "1-random-9_715yzzyxtn": -775.9619165485204, "FCV01WAAEP_k97fv5hg01": -775.9617084804923, "0GB3BM2TEQ_1q3kcc95qh": -775.9614652078906, "FCV01WAAEP_in0hv4infr": -775.9614105085834}