{"time": "0:35:45.490542", "G8HC8VXQDW_n758pfjxv6": -983.5598378923606, "1-random-7_b9jzet27nu": -983.559835972496}