{"time": "0:45:18.097702", "OLW7X4Q55Y_rm90wrfeup": -1526.8466616655548, "S5I1SV99N4_ihpectvhbe": -1526.8454520630914, "3E0VWW9FB3_xgctoaugac": -1526.8438543005889, "39_1mx8arpdub": -1526.843020095216, "3E0VWW9FB3_enqyvtgmxr": -1526.8399322836738, "FN76AOUWZH_cuardirzue": -1526.83958803404, "2D87HYTV22_recsyf45r7": -1526.83761526584, "H49LYSZ71D_9iife7qh5s": -1526.83580727357, "2D87HYTV22_075kupu337": -1526.83462301503, "100_q5nphmp871": -1526.835195225191, "3_8hvod5ryxc": -1526.833999702783, "1-random-21_jbngqetvd9": -1526.8327505902905, "CDV0WQVKTN_tcbh07ofzo": -1526.8323494011765, "GBXUS5T8T8_i2bb8uzno6": -1526.8323178640003}