{"time": "1:22:19.285158", "T8Z80G4360_9u1tmr0v4a": -799.3983145994974, "X0OM3BWUIZ_btyq2au4b4": -799.3943608051934, "QEPG0V4GEH_pey55fakgr": -799.3967034789863, "MB4FGPRVDE_8fbxsgzkfl": -799.3955123361997, "8GX0QXX2RI_reirbt7mu9": -799.3951443644278, "GIX1M54SY9_2otcdsox7v": -799.3951261314787, "KZSDTEBTRZ_wh7tpo336b": -799.3920063066972, "V48NFPQUP3_h3x09qk90o": -799.3917689968828}