{"time": "0:35:52.773589", "XQG0DXK6VL_8d49hoqhyh": -196.92540959667866, "XQG0DXK6VL_ymx21w0v37": -196.9244202827032, "XQG0DXK6VL_k2v59rru69": -196.9245000726523, "5TWQN48B1O_0tz3vf7raj": -196.92442587679005, "HF9O0QZ3VI_i3warp0sjn": -196.92443236248366}