{"time": "0:38:07.195611", "FLMPPGFV45_ljl62u5tte": -397.6986455873196, "ZUE4INI4CL_ve0vzhq3hg": -397.6959968277912, "ZUE4INI4CL_qoxdntrhow": -397.6957465821327, "KUY3E8RPNA_gpe4hcg5fe": -397.69544169044553}