{"time": "1:46:44.397519", "1-random-27_8qpu7ny3vg": -891.8038410060043, "3TRZGY5Q85_srbddxdouk": -891.8004194626405, "VONFDRTSWM_gochlsnmmb": -891.7992415906787, "9UWRCH3HBE_lygznqphxu": -891.7984628160686, "3TRZGY5Q85_ozqqfabfig": -891.7957455103891}