{"time": "1:17:52.025740", "YJT20X41SP_peb0l5vdp7": -611.61634897811, "1-random-11_yi68wrdz91": -611.6154414262126, "TN6BNIVTK0_b72uknv3f5": -611.6151378550335, "B2ZDWW6X13_lvc0wl81lr": -611.6145701932084, "1-random-11_axgiwjzplq": -611.6145011570835, "SFX4J6UQBS_2qah6szpd9": -611.6144808973178, "1-random-23_d2wv309fxo": -611.6143624511571, "NN7XLVWSUS_pr53pq5yg4": -611.6139429271017, "1LIAJW540N_0uc4458z7j": -611.6136565677705, "D2136HD7JA_sx60avxv5r": -611.6134229980973}