{"time": "0:36:47.624224", "1-random-9_s8zc2mkfrn": -983.559827024547, "10ANHTZIQ3_i5rw1yoqxk": -983.5598415653781, "1-random-12_4lzd3hhfor": -983.5595451606216, "10ANHTZIQ3_cihgny4d37": -983.559425240036}