{"time": "1:17:38.611748", "OKXW8NCE0K_xfz9r3a9yt": -662.3616905988298, "DIDBZ8LXDE_rkbcevvqwx": -662.3600499381399, "ENMDPKHTBH_2re7l0074h": -662.3542053175374, "Q4F7JPCQQA_7wrg0bo3yn": -662.3536928958596}