{"time": "2:29:05.746412", "TUBPWFBCXE_eowrqspbne": -967.5990462141953, "9CHUHAMQ8O_mzbbwpmpyk": -967.5974382184128, "F4XJ09ZVHF_lzfinqpfdc": -967.5962958770191, "1-random-8_e5goctgv1o": -967.5945576343377, "JFN4IDRUQ2_hqzontzoxl": -967.5938240165736, "OTINMRRLTR_qtnshcdjkx": -967.5933940509882, "1MKX76PV3D_m8vq30t8vf": -967.5930822391447, "EBQVHR7LS0_iyz7p6bfxr": -967.5925786728953, "68XLEA2JIK_xjdwlc12v4": -967.5922683963095, "ZUP0R1E7WS_pofcskbowa": -967.5920961273445, "EBQVHR7LS0_zulyftnbpp": -967.5921664497162, "LFNGW9JW2G_xjsbqbehnj": -967.591943219148, "F4XJ09ZVHF_inf72t7p9k": -967.5915620549995, "1MKX76PV3D_5e359mfc0o": -967.5909671872746, "GLQGEN0PH9_shqdrlblnh": -967.5903405887416, "1MKX76PV3D_x6iz7hf8in": -967.5901254072161, "1MKX76PV3D_tyvxjilkny": -967.5895028242549, "1MKX76PV3D_hhmnvunkkv": -967.5894367394733, "GLQGEN0PH9_785t1et36o": -967.5888894983487, "1MKX76PV3D_wbjijrlmpn": -967.5888196783333, "1ZXTZ463T4_l2wos24hdg": -967.5883750079629, "V8Q4E9GC5J_7w5bmbabch": -967.588256368508, "21X89YJBQR_yziqnnxwhj": -967.5880236576263, "68XLEA2JIK_htkm5d6fhw": -967.5875702643234, "QJYC5LHOLM_5r6nk3g9dh": -967.5874211916359, "J9FUTH4LFN_0oum9z8mu1": -967.5873047014453, "LFNGW9JW2G_2x5e6ydeqz": -967.5871540910448, "QJYC5LHOLM_kq8qg7d5ah": -967.5873761466376, "1MKX76PV3D_yqc461svu5": -967.5869900460497, "358Q9IHEOE_5y1w5abb1q": -967.5869557324222}