{"time": "1:30:02.516550", "65MO6DKIT8_se7w3a74bq": -1321.415508171244, "YV9QHJPBKN_gpzznsh102": -1321.415478168819}