{"time": "1:10:06.036213", "1-random-6_wrtd9oqomu": -762.3248635881348, "ZETQ88D5EY_7tjk896zkh": -762.3248632831819, "JEEO5MHBRB_flo7x6w2w4": -762.3232564311838, "1-random-12_pmbvkyjluq": -762.3231543880235, "1-random-14_8xqudt2hqa": -762.323148306688, "1-random-12_oouepcs3ww": -762.3228717537907}