{"time": "2:00:49.240307", "35O3FG11U4_zlgfsgqtqu": -666.7886810572306, "LMI9RK76LT_ztmlkctvar": -666.7821914648333, "0TSDFNI3MI_wmvixklbme": -666.7807377534073, "Q1725CIT05_bkvqjkrfqv": -666.7800172935605, "VC3I2R9EH5_iiuannicmc": -666.7797820213004, "1-random-2_sogfcqjj2o": -666.7796259928015, "BG0L0S1Z4S_fl0j0kly31": -666.7792854928174, "XW4HQF363Z_zavbrvjipg": -666.7792740079044, "0TSDFNI3MI_lqrqigiloz": -666.7792394214587, "NU1XN60ZR5_tjcocpzfqu": -666.7791049687008, "GGXXDEOY1L_fuxilqnsyt": -666.7790976199243, "0TSDFNI3MI_mqahwjlsjl": -666.7790764586022, "UISDB6175E_pzdntoshkr": -666.7789016940745, "XW4HQF363Z_4j095me1rw": -666.7788104198105, "BG0L0S1Z4S_qb38nd7cy7": -666.7786356979444, "0TSDFNI3MI_0crb8zwhyo": -666.7784623234671, "VX0DG4CTF7_ermtbzzxwj": -666.7783903514983, "8YVUHJP6PX_ceoimnrcxb": -666.7782605486237, "XM2OKE9GGQ_93nm6vcui6": -666.7781699319168, "JEZ3RAW6OM_l4k10qslub": -666.7777997177755, "SI4GLTCQHN_b6kcpmqkvl": -666.77768558306, "0TC8HYPZQ2_e12oc1isgj": -666.7774094953625, "SI4GLTCQHN_yfwjdcutrk": -666.7773188443449, "XFOJQZ4HNE_443qoz2d9i": -666.7772529507005, "IT73REWWEY_wzqygejdla": -666.7771519615253, "XM2OKE9GGQ_ojwqwe7j5s": -666.7766962314624, "0TSDFNI3MI_vm4f9rapf3": -666.7763892342937, "1-random-29_qfuhodppqi": -666.7763775169739, "XW4HQF363Z_v4u9xh8egh": -666.776270493863, "1-random-7_awa9hxqm0p": -666.7762193121631}