{"time": "1:05:17.689171", "VY6URHHFB5_vl5l34her6": -1526.8466690097068, "BE4H7DBM46_g2fh96mgcz": -1526.8454827000357, "BE4H7DBM46_wpmibfnzyj": -1526.844463252711, "CHGZLPBZTQ_dotmah0lju": -1526.8434429395168, "K9V7KAW093_ljdwxmcgif": -1526.8420432909581, "CHGZLPBZTQ_bfq3p2543i": -1526.8416704065435, "HBJ4WOMGTM_k2agwc0qpq": -1526.8399269606764, "1-random-3_kepckuecg1": -1526.8376170645688, "CHGZLPBZTQ_1dy3hmagxm": -1526.8372252975266}