{"time": "1:46:48.859753", "OZL945U6DR_wmqlivnuqn": -1275.9349308768508, "TFKD4AHGLA_ogjljbpeui": -1275.9312713588226, "TDTGRE5D33_xxnnhrfadb": -1275.9232751238362, "1-random-18_1byrefumjn": -1275.9230880635591, "C949N7S183_hbevh4z4bh": -1275.9229251731208, "W9UTLM13G8_qaljwrbktn": -1275.9224136429775, "821ZURHRV5_gw65ech69s": -1275.9216046260271, "821ZURHRV5_ac14i2rvzi": -1275.9214227164814, "21ME795UY2_pyjncmbdrt": -1275.9208634301995, "P60X5RKY9I_eygkxfhgcd": -1275.920141963617, "X25GKXPJ55_tkhsxuesmh": -1275.9197728108127, "C949N7S183_6x3soei56v": -1275.9196834357629, "5PNYL0BBHC_y2fv0g6fze": -1275.91965650751, "1-random-18_dxfzhdxble": -1275.9191119746524, "LC0U07WVXT_hqrzmusc2b": -1275.9190210481693, "W9UTLM13G8_bvlwnpdwl0": -1275.9181235738477, "W9UTLM13G8_a6xt2zjv8n": -1275.9181262861368, "21ME795UY2_ixxouiqhst": -1275.9178180955448, "W9UTLM13G8_guomqun2c6": -1275.9174013286672, "21ME795UY2_xqkvc9pmsa": -1275.917364184511, "W9UTLM13G8_3ooqxtyelk": -1275.91686273054, "21ME795UY2_pmqkks8in9": -1275.9167057812115, "ZBR94HXARX_cwnu33zr3y": -1275.916445848111, "OZL945U6DR_pqkfrdndlz": -1275.9160545918082, "5G9JGHX0XX_ba5bv0b70j": -1275.9158901885053, "817694A2DZ_ygtgbxlrmr": -1275.9158426158467, "W9UTLM13G8_odzadfnrna": -1275.9155442511153, "W9UTLM13G8_kb7yzu7yft": -1275.91538685122, "P60X5RKY9I_tqieqmtcas": -1275.9153242854084, "W9UTLM13G8_6a2t9u2jpb": -1275.9153045577843}