{"time": "1:14:44.239492", "O7L3B9L2WX_iulynafrxl": -682.2060385809801, "1-random-7_nzzkkiickz": -682.2033300649792, "B3FQX7IIKF_0t1gr68md8": -682.2014303431484, "1-random-0_lqytjluzvy": -682.2009412483844, "FTWUAEXKPX_ob0a1klxx1": -682.2011227796124, "1-random-25_3smctrnm90": -682.1998695715894, "B3FQX7IIKF_rkz35zzmlj": -682.199298099545, "FTWUAEXKPX_0kyfm0xsdg": -682.1990321688146, "FTWUAEXKPX_84cm9tberr": -682.1990036693725}