{"time": "0:40:15.708568", "2WMQPNQZ5U_hesyxdte62": -685.0030565650645, "1-random-13_bebu3o4wj9": -685.0004191949257}