{"time": "1:46:37.506804", "PHQWXJP4CB_jmvqlglvvb": -1275.9361053116916, "BU3K5HNCRW_xityrejvnj": -1275.9293324369453, "PHQWXJP4CB_fqqagkldcw": -1275.9245518083665, "PHQWXJP4CB_2hkqzwwxg1": -1275.9237187437263, "RAD3MWK794_9d1q4m9l5a": -1275.9212818392862, "MK62LUW6SM_aztpo37kj7": -1275.9212201213602, "MMAS4OG5W1_iscp6qjlt8": -1275.9193812429962, "SWNMOCIDM4_2uolv3diax": -1275.9192475919053, "DZT54STEPZ_0mlpnzp2xq": -1275.9191995505919, "11RMC52723_w78wpko7qo": -1275.9189944599618, "PHQWXJP4CB_g09g6jym5l": -1275.91863871829, "1-random-11_8qkhqqj3fj": -1275.9179165135188, "PHQWXJP4CB_fxdntkp2lb": -1275.917577302233, "BU3K5HNCRW_emy6cb4weg": -1275.916119323318, "LI7HEPUF2J_cwdlhpnxnv": -1275.9157596255366, "PHQWXJP4CB_kw2duyitri": -1275.915491109557, "PHQWXJP4CB_6xk2t805a6": -1275.9153824054456, "0VE9EZDTDN_xs2ft6gbst": -1275.915259371209, "3H7SST4UJ5_ikght4p1ob": -1275.9151232174488, "CS62AGQ103_obvvzkkgfu": -1275.9149525008163, "3H7SST4UJ5_cnzqfnggzv": -1275.914832356006, "DK227YNITP_mtn3k47m4n": -1275.9147550942757, "PHQWXJP4CB_oc3ip45f1i": -1275.9147340442535, "0VE9EZDTDN_sjztulj614": -1275.9146733532193, "MMAS4OG5W1_80tzh59sjl": -1275.9146634069673, "CS62AGQ103_5n1r1gpa70": -1275.9143889059387, "0VE9EZDTDN_hqenkmggdr": -1275.9144505558686, "25_nbuuqb29iy": -1275.9141870255316, "RAD3MWK794_nnssyodriv": -1275.913746669487, "45_41myi70ohw": -1275.9136588968604}