{"time": "1:36:42.341348", "TRP_xaai64sxa15t_trbrgoblpd": -855.5201636058075, "BQWBWG82T6_yiz9b75hso": -855.5177760257199, "EJBF9AM0LK_01d3c4q4s4": -855.51700432918, "TRP_xatgkqdck6rg_asdrocgzbl": -855.515478636969, "EJBF9AM0LK_wl7nscdpoc": -855.515407586803, "DW98HOLKM7_f8kksus23s": -855.5154405865425, "TRP_xaqa4tx5lh6u": -855.5145982232389, "TRP_xafiknei1xd11": -855.51405496675, "L6R78N4YGL_d8q60ydyoa": -855.5137842470584}