{"time": "1:16:48.578007", "YRSOVPNGBZ_djisbjob1m": -649.1179773315017, "1AMLCW4ZSM_zghpyuppkw": -649.116267392749, "I0CE1M4KCL_5q7i54fhio": -649.112076002642, "NWK58VCCX6_4ks8tkfwg6": -649.1113432635, "1AMLCW4ZSM_ijtdnyjkwi": -649.1108320822962, "GK5GDFA4SC_f9d71yl7km": -649.1099239829392, "37VC0I6MWD_jif9xwitaj": -649.1093908853026, "O0OL23JS8K_dgvphs7ykg": -649.1089440338666, "1-random-14_rmf1xdn2ed": -649.1081986828978}