{"time": "0:53:56.179842", "W6ZUVRNP9O_bwjz9wgraf": -236.07773677979213, "W6ZUVRNP9O_wnw6etrmnc": -236.07689782514294, "C93R95UGB4_q0ut5zkd46": -236.07688629477957, "112LE5QKND_1fjyggv9ne": -236.07683599008774, "9O1N8US6X6_3jgarujsc4": -236.07683545383483, "112LE5QKND_e6oo6v37vg": -236.0768327538437, "VV4HF9JENY_ucvpmxptti": -236.07683155518336}