{"time": "1:52:42.157778", "1-random-22_cbz6iwo8pu": -701.512157285907, "F2SK1T3593_99x2bor9jx": -701.5117100439428, "NAD48W9BIP_matleanoho": -701.5115675238065, "F2SK1T3593_yxalountab": -701.5099674971192, "5NLHLN2ZVP_ozj1yiels1": -701.5094884094572, "1-random-21_xaq2b7jdbw": -701.5092227006295}