{"time": "0:50:14.692907", "4UU07B0I52_fuf21tz9b6": -1452.030097272896, "4UU07B0I52_s16wk00h4p": -1452.0300717028083, "4UU07B0I52_r5rxcik475": -1452.0297192226378, "4UU07B0I52_1ppo1wk4tv": -1452.029709524533, "1-random-20_h4c11gxw25": -1452.0297095051567}