{"time": "1:29:30.187790", "6OYE178THU_qspr7rz9hq": -1209.3555159379719, "1-random-11_mxs8angm3d": -1209.3555212706383}