{"time": "1:16:58.919345", "1-random-10_ouddon6vz4": -611.6164219189592, "1-random-10_17o08vcfwd": -611.6164029782844, "XCY0JIDQYC_nwgnwhvddx": -611.6154875181224, "XCY0JIDQYC_wphhrxjnap": -611.6144965488097, "1-random-24_xvx5c7czuz": -611.6137575584719, "C33NYVED8A_v0xclggkh6": -611.6132096377311, "1-random-10_w2mglixgxs": -611.6125018927697}