{"time": "0:30:41.080427", "BBTMYMS0RT_2chadtv89v": -221.75224989321714, "BHDP5U3R5P_b36t3vb6ry": -221.75199777826165}