{"time": "1:56:43.676383", "ZBLNCLIZEL_emerlehwvq": -1275.9386707813865, "JOEQ7EQNQS_egparpusbn": -1275.9337212351124, "HT15U4TXX6_kylhobdbvd": -1275.9252753180372, "36_ihqwyqfmjr": -1275.9224110114824, "PDK8L1O5AB_35kmsd62hs": -1275.9222149921368, "0B0Z28H96O_g31kd4bg87": -1275.9221079327751, "WMUMZ73IB2_eo38gb3k93": -1275.9214282948906, "EMYOO9ERQ3_a0kftbjtu3": -1275.9212604926745, "P1FHZ9MIHC_xm7ucy4pc5": -1275.9212344045277, "HRAW7DQ3UF_cz178zyzje": -1275.9209141930965, "ZBLNCLIZEL_6q7x8p1uqn": -1275.920470921624, "P1FHZ9MIHC_yxwla9pna5": -1275.9200057992775, "P1FHZ9MIHC_fsrppywzev": -1275.919977767569, "JOEQ7EQNQS_bsotmjcuff": -1275.9196798186765, "O2U4D18R4B_fuasfozt28": -1275.919649611563, "36_9md1kocrl0": -1275.9195216122464, "ZBLNCLIZEL_uacltn83vr": -1275.9193972648593, "JOEQ7EQNQS_awhjieg2uq": -1275.919086774826, "JOEQ7EQNQS_bmbwshghrf": -1275.9188999119144, "36_g64hbidhd3": -1275.9188133837715, "JOEQ7EQNQS_ztrw89w1zx": -1275.918720055513, "1W7NHKP8OU_bi0aebdh97": -1275.9184546444433, "P1FHZ9MIHC_0f9kt89vlq": -1275.9183423859001, "JOEQ7EQNQS_68i2z3b8mp": -1275.9182748807984, "587DRSPP6J_1f19ou8rwo": -1275.9182487263586, "R2P8WHF10S_7qq32tnp6y": -1275.9178414079545, "HRAW7DQ3UF_zsr38j2kfx": -1275.9178192457184, "R2P8WHF10S_chlmc2uyxg": -1275.9178571906664, "JOEQ7EQNQS_bywcbsfmlp": -1275.917726056348, "ZBLNCLIZEL_zdup7a6qfh": -1275.9174242745453}