{"time": "1:47:02.211508", "5QUE4FM0TH_x1yaqh4g1j": -1795.6761472328565, "1-random-6_vesfbkjxif": -1795.6751782310737, "J377CHVFAL_utvrqrk44r": -1795.673891705784, "1-random-12_mvorgpalvl": -1795.672707997946, "ZM65HC0HGM_ruht78bl3v": -1795.672634669468, "0GUD3T7ICQ_zieplpahll": -1795.6714779119145, "1-random-12_rlufervrmg": -1795.6712260312072, "57QTB3BA1G_dqpotnyrpx": -1795.6711528822627, "VOIHHQ6HW4_c3nuk3519v": -1795.670834455427, "1-random-23_2r1ot2x632": -1795.6708869648103, "U50ZQ84S07_cezi2vkmtu": -1795.6703631083833, "2KE2HR3TIJ_4lqum1euum": -1795.6696289056697, "FI3HYVFQMZ_rir8bqng5z": -1795.6697304806764, "YR9I3MIZ3M_1vldyopu1z": -1795.6691868061423, "1-random-12_giwtrhdyzk": -1795.6685992776308, "VOIHHQ6HW4_n9awbb4awe": -1795.6683866645699, "341D4V8DJF_lmvmrdlgae": -1795.668135515127, "FI3HYVFQMZ_o2ylz70k0u": -1795.6680017605138, "0GUD3T7ICQ_bjzvan715j": -1795.6675486233153, "1-random-30_mjpctjqohi": -1795.6674175513494, "FI3HYVFQMZ_u630ucpt6v": -1795.6672888879252, "5QUE4FM0TH_gd2dhw5pxk": -1795.6668264648779, "VOIHHQ6HW4_ijh8q45inu": -1795.6665181332849, "U50ZQ84S07_iuoguvbefq": -1795.6660919029798, "VOIHHQ6HW4_g82rrzs8jr": -1795.6661388971204}