{"time": "1:50:30.068580", "SATIG990N0_ccmdpvamxc": -1795.6753064037246, "1-random-3_evgssjhhza": -1795.6752673092883, "N43SZ2W1FW_njwkbrtuyp": -1795.674270034091, "EML0BGW9NE_lmiyzfzill": -1795.6741040908214, "1-random-3_rdvskgapoi": -1795.6739966733705, "EML0BGW9NE_qgkssryqvu": -1795.6726824585687, "KKDLQLU51J_gfvlhjkebe": -1795.6723576880804, "FZ0TW6TVX9_grmj68xecw": -1795.6711750743561, "QVCO7JBYOO_wy8240e4l5": -1795.6705005589406, "27_t341shlrj9": -1795.670082514266, "LEJEHQ3SV3_jilqxacogp": -1795.6696282178466, "FZ0TW6TVX9_9zxjmxlon2": -1795.669094630076, "27_fxqjyepeuf": -1795.668726030753, "1-random-11_uskoiwrkap": -1795.6687071586518, "QVCO7JBYOO_rjuxhrkqxh": -1795.6685942543709, "1-random-11_dej9jbd91z": -1795.6686041353655, "BR0Z2OSQBL_3ev8jip8eu": -1795.6685047540468, "XSE0B3GFIK_gwjp2wae95": -1795.668421397965, "27_bd3x5rk5wv": -1795.6681728520546, "QVCO7JBYOO_0uk96ht31m": -1795.6676524169047, "HAQJNKFL63_fa6995u4f6": -1795.6672333509953, "FZ0TW6TVX9_fg3j6nhtl9": -1795.6669934510153, "1-random-12_z0spr3e8xz": -1795.6669613969723, "27_3sntz1er8t": -1795.6665312760128, "1-random-10_pppls2zq9z": -1795.666387747365, "1-random-14_p2sky4es2y": -1795.6663035007512, "1-random-10_gfsxz03ko9": -1795.6660717035545, "1-random-11_1y6a5ghnqv": -1795.6659687855931}