{"time": "1:01:21.460202", "8N93A5UPXK_zambpakzzk": -569.177066829784, "FL3UZ575NW_asmolx6oc6": -569.1702920704773, "EDCBRGPJAI_lxgsxqnqsc": -569.1701250786731, "62XO913TFQ_zgleihyvnq": -569.1699257652967, "GTUVEUWNDB_4co8q6cydy": -569.1684328631609, "URMDH56P9K_axmysk2bb0": -569.1675265830465, "IJNMO2SRDN_nn19uf8ovz": -569.1653097498515, "KOHEWRXXA6_uql3dylp8n": -569.1652911138423, "83DTLE1TKX_xlhj1kdgc8": -569.1649798706989, "1-random-28_5lcrsuulzc": -569.1648974022409}