{"time": "2:57:32.327688", "D95AY25U3K_hzeaairunx": -1062.1829799135946, "1-random-11_uptxoyfpbr": -1062.1805465458758, "NV56WRM9ON_mcmnwvhaax": -1062.1801650498894, "1-random-17_6wg8eb44b4": -1062.1798826364236, "1BIP7LUB29_tukxcqicqn": -1062.1798749202628, "4KWKJ9X7PK_oflra4of12": -1062.178419980259, "GED3G5IUQ2_zevomuvbzq": -1062.1785752193389, "1-random-17_slvhqkyqes": -1062.1774790029715, "IO5R46DKN3_p1025gdyxk": -1062.1770798306236, "D95AY25U3K_kvjgsamowy": -1062.1763176109096, "GED3G5IUQ2_abrdhdrkba": -1062.1762481833894, "1-random-5_f3wus8m4m6": -1062.1756494325664, "1-random-17_uqwxdhtjaa": -1062.1752773399578, "B475NYTQ4R_agultfnnwt": -1062.1751375469282, "AS7FP54YUA_rfkuhvluop": -1062.1747735150384, "O6XDQLM4VU_xrcax3nits": -1062.1743988162139, "GED3G5IUQ2_dgdyyqznjs": -1062.1743668554318, "GED3G5IUQ2_82da8nr5kc": -1062.174333077992, "1-random-17_b8lktzw4nf": -1062.1739935101923, "1-random-17_yvmf7pdotc": -1062.173920766478, "HHBTWD7A7N_ukbtiuhfmt": -1062.1735619726817, "NV56WRM9ON_5zansqq4zc": -1062.1731313919377, "1-random-17_awbjybw5pl": -1062.1726152539304, "GED3G5IUQ2_oeoefwuntq": -1062.1722263397014, "48Y9GK6B5R_4bdccb0z2b": -1062.1722160322847, "AS7FP54YUA_xt7x5k6u33": -1062.17133787237, "1-random-17_nxjrirrbfy": -1062.1709601250686, "8AZ7TM8LA3_0wnc4uj5e0": -1062.1709865172327, "1-random-17_mftlvhdeiu": -1062.1708100469193, "1-random-17_ykcypmflii": -1062.1708744859527}