{"time": "0:56:32.803182", "7GYLM4WZ1Q_itbrrn8s65": -454.9962581206003, "Y44XGMA15X_harbzomhwm": -454.99624634431035, "ZLUZG38V03_1qdld2dh3p": -454.99386017630115, "EYIOSUUGW6_wxugnxqzpa": -454.9936739731169}