{"time": "1:42:56.972998", "1-random-17_oslffjsjxc": -721.3597693383358, "1-random-17_8uu3t264wq": -721.3588444918396, "I730XFEZG0_zcbz1gs0af": -721.3587431557489, "1-random-17_1i1yx5ihak": -721.3585145210765, "1-random-9_2m7s0tii68": -721.3582523940973, "1-random-9_ymllrrbnps": -721.3566620227584, "D9I7FVVPMT_6b9sc07tas": -721.3559272391526, "1-random-1_y0n5g5yz0h": -721.3557557271, "1-random-17_epnug084rc": -721.3556990047967, "18EWXPHCO0_f12tn95ox4": -721.3553970842531, "1-random-9_z91z1cpvmb": -721.3543385223599, "1-random-17_hu5g0w376x": -721.354318493009, "APZGGDL2LD_xndnpviyft": -721.3534834357482, "1-random-17_ulca6l20xd": -721.3532778444668, "UEE7HA4MRL_krhbzzqnuq": -721.3529910714492, "D9I7FVVPMT_2z6qont8le": -721.3529124716706, "LGRPWA86GZ_zf8832znce": -721.3528384347896}