{"time": "0:24:40.492916", "FD8ZGSE4SG_b6k3phys3b": -983.5601028722415, "2M0PZ8KIJY_wh7qdlfb07": -983.5598258611102, "AT8NQ22G7C_6gu8lzltep": -983.5595637323372, "1-random-25_prnlwqn95k": -983.5594282725297}