{"time": "0:40:16.334201", "1-random-3_gyieerrs2p": -510.7310219165133, "4Z6JSADHW7_oryiapwqtu": -510.7304308601424, "PJ46HNYX0L_ss1ql1zv6q": -510.72788214858156}