{"time": "1:14:03.471806", "3J7BN601H0_el8ct785fc": -724.3768290306149, "XZR71GV8AV_3nuscgrpv8": -724.3756271399809, "PHE_xaw0nqq39u2bf": -724.3745517878535, "3J7BN601H0_gj9qrho0ns": -724.374075821387, "6XLO3NTUBX_iuinyjhupf": -724.3733648430946}