{"time": "1:48:25.150197", "4TJXV3TE6E_qtrhanaaqr": -1795.675086688016, "F4YP79TWBX_ztwcunnjea": -1795.6734174417886, "0U6UGFD3VG_wxsopxecnl": -1795.6728689002343, "EASZE89BMR_xnrgoyuwdq": -1795.6718525294366, "WY1D6ASKOT_g3gr0ora4j": -1795.671149682846, "JF631VWMM2_sa4jpf3df9": -1795.6711734987603, "D5I55GWULW_hoigsaftxj": -1795.6711231003683, "YLL9A7BV0L_wqlopwskgj": -1795.6706434473965, "1-random-7_msovjyohgm": -1795.6702817646026, "1-random-7_qmrted1s6i": -1795.669900629806, "MXCEU99XLW_pvys8r2rv9": -1795.6697898738032, "1-random-15_benpxxqnpg": -1795.669227259448, "1-random-7_ynnzg8lyf4": -1795.668826309753, "1-random-7_h1xenpnlhi": -1795.6687498945435, "9V11LGWV94_94768tqzly": -1795.668709172229, "1-random-7_mpxzjqedow": -1795.6686631485911, "JF631VWMM2_jbv0tuv0wp": -1795.668601196835, "MXCEU99XLW_agqzaunu3r": -1795.6683442546716, "EOG5S4P4IY_2346beut1k": -1795.6682731601556, "O1BVN5JNJL_tdfjhdtdql": -1795.6679506239905, "1-random-7_i152559ipj": -1795.66791198713, "1-random-7_cmgwvfcfsb": -1795.6679723633897, "23_qgel7bjld9": -1795.6674221841408, "1-random-7_2xra6b2zu0": -1795.6673559304936}