{"time": "0:44:10.879341", "6F9TCRNSXU_zzbbqodhjw": -1526.846651061646, "XER56BOK8M_ydd28007ab": -1526.845414983402, "WVAMBVEX8Y_kwpgrknocr": -1526.8438506218602, "DF9OSFYVQI_lli6j0czhh": -1526.843013591781, "CHYICC8I6T_wyzvnlsvwv": -1526.841588832519, "1-random-10_hoz8eu4ko8": -1526.8399221028428, "1-random-10_mgbwssujeh": -1526.8376201347714, "CHYICC8I6T_kgjilsvaif": -1526.8354807730232, "DF9OSFYVQI_eabocpn5cn": -1526.834848366871, "X7X7SA9WBD_fsq04gyzds": -1526.8337841930402, "2SDOSLRY53_pqjna31tuu": -1526.8338033087443, "CHYICC8I6T_3v2vqhfpf3": -1526.8334952714074, "1-random-21_dxdiurfncr": -1526.8326672843525}