{"time": "3:06:19.921269", "7FX0BVFJLD_jpkhbtedwm": -970.1053362401584, "R4T65EK0VT_iffcfnjywd": -970.1026785336968, "3RCE86DNDX_axdbqtqj4j": -970.1020421033867, "GGJHEOZ148_tjbwhldcfw": -970.1018355259057, "3RCE86DNDX_knjfuh07f0": -970.101559090343, "7FX0BVFJLD_ojkvrqfhlm": -970.1014705731828, "1-random-10_xlzcwygqdb": -970.1011278673454, "GGJHEOZ148_pakvachg13": -970.1011152413503, "VAAHC0HVGH_hxigyjheec": -970.1008980622871, "B9F27215K4_3puwjjamhl": -970.1001559848022, "7FX0BVFJLD_wdoszehatm": -970.0997493063292, "PZAUKZJFHA_vz2beu4n8t": -970.0995371762002, "BGNS4BSSQ2_vyxsdwf8l7": -970.0991929580056, "7FX0BVFJLD_3t3cw40fog": -970.0990478250061, "OM70DGGELY_gpefudcazi": -970.0988964229593, "VAAHC0HVGH_2mef4ukumt": -970.0988271539443, "BGNS4BSSQ2_xtodmuynlg": -970.0986515142611, "7FX0BVFJLD_ffhteydlbb": -970.0984010239723, "GGJHEOZ148_w8qefswurm": -970.0978400370353, "BGNS4BSSQ2_pgigmclcqm": -970.0971819809411, "KBZDB56UW4_q9xk9x53ga": -970.0972652283019, "WCZSR96W0E_fgqykd8gnj": -970.0971912978417, "9G69TLKT09_yqxefiacre": -970.0968726164947, "4YF8HCOE93_bk52kx8crx": -970.0967892826703}