{"time": "1:20:24.875267", "OCKEOK5E0Z_31k0bp8cca": -718.4523660302245, "OCKEOK5E0Z_amfwpi8ta3": -718.4462836139786, "UR1CBJBHKH_6pm2h45bgc": -718.4453052873382, "UR1CBJBHKH_crgyztkoeu": -718.4426233667215, "1GCL4SPT2C_pnjoio6i0h": -718.4422442560366, "ABX2QAATVE_ql1r9t7p0x": -718.4409058511274, "JP1GNXIMJQ_2eu4jh9bd1": -718.4408615412854, "7O5O6SZ1TJ_2rwweyprq5": -718.4400416279693, "OCKEOK5E0Z_ea25v3v59w": -718.439623534451, "HIS_xa3wi7z8vut0": -718.4396121630356, "UR1CBJBHKH_xn6r3q96yf": -718.4394839361026}