{"time": "1:09:04.462557", "IBTBKKCY4G_9gys5cnvin": -720.3287347011977, "4KQZJ1ZU5S_bellgwhru5": -720.3283130338418, "8KX3B1ZL9X_tbzqjsafqn": -720.3275417624565}