{"time": "0:57:52.499176", "1-random-26_pzsq1ykaqf": -494.1553567460566, "5DXU961LRI_o4agk6aswx": -494.1522407176082}